{
  "train_total": [
    0.0279907469426328,
    0.011637788727201398,
    0.008888146797928246,
    0.007869285164482398,
    0.007374379322886132,
    0.006935091778673408,
    0.0066706797421247155,
    0.006323640517137469,
    0.006100170773643357,
    0.005897285952563034,
    0.005786387324135037,
    0.005478698738529204,
    0.005321347197610225,
    0.005246190097729013,
    0.005280838593737119,
    0.005083657193755022,
    0.005026396221688224,
    0.005000935802478387,
    0.004947162425667312,
    0.004859138310701976,
    0.004859161043614502,
    0.004746402264297466,
    0.004771462029031088,
    0.004658230181605099,
    0.004604220181432758,
    0.004541462291434989,
    0.004544066947479743,
    0.004466255099939768,
    0.004451431891463705,
    0.004398693898213855,
    0.004371932028637578,
    0.004367170456480939,
    0.004292975028758829,
    0.004139792575499805,
    0.003939254263478681,
    0.0038794327302159957,
    0.0038467515817288546,
    0.0038203470370111368,
    0.0037914892793721113,
    0.003770647957303449,
    0.003742202488242056,
    0.003709666038220462,
    0.003641979904002103,
    0.0035663273747752796,
    0.003506642757902851,
    0.0034669372222846458,
    0.0034372794496095862,
    0.003423813833408146,
    0.0034000740554976337,
    0.0033804086140460437,
    0.0033646575168345396,
    0.0033582211247795033,
    0.003340296402554871,
    0.0033344304009921954,
    0.0033358075184280814,
    0.0033184474099638827,
    0.0033211711928717367,
    0.0033171752602055705,
    0.0033067984735740716,
    0.0033140058137132978
  ],
  "train_pred": [
    0.014703375516056433,
    0.004283842229560661,
    0.0019377738378221505,
    0.001544125685751786,
    0.0015640551533690934,
    0.0014228407814330917,
    0.0013330325272154992,
    0.0011688021209322677,
    0.0010892777904539521,
    0.0010078157709779913,
    0.000957970976613211,
    0.0008731613881502358,
    0.0008733712713868218,
    0.0008678201609194811,
    0.0008971559685827222,
    0.0008270364485823618,
    0.0008171322413493965,
    0.000825417845450225,
    0.0008183357434968704,
    0.0007873509780083559,
    0.0008044081415019734,
    0.0007571838448681686,
    0.0007916548740949612,
    0.0007359356132358528,
    0.0007162569142670545,
    0.0006928777720510297,
    0.0006934024622536157,
    0.0006563120323313669,
    0.0006524939373999462,
    0.0006199129847834442,
    0.0006144423400086019,
    0.0006180727028145662,
    0.0005918804501226264,
    0.0006224150898006038,
    0.0006028430769254396,
    0.0005668030688851514,
    0.0005432708390932541,
    0.0005293162654674982,
    0.0005180992131164389,
    0.0005084659138838342,
    0.0005110153812224577,
    0.0005423827059494043,
    0.0006193117475161608,
    0.0006660550820398206,
    0.0006589567535657306,
    0.0006431161077897038,
    0.000627099356214856,
    0.0006179076732765448,
    0.0006056427018353374,
    0.0005948418070652729,
    0.0005847067073111127,
    0.0005784834458918727,
    0.0005682902988058792,
    0.0005643352835796098,
    0.0005595309535442163,
    0.0005538310780390562,
    0.0005538200292996093,
    0.0005490560346963072,
    0.0005478172735506493,
    0.0005463125408236564
  ],
  "train_sigreg": [
    0.1328737115747258,
    0.07353946393527461,
    0.06950372857774825,
    0.06325159397363733,
    0.058103240722565785,
    0.055122509116557895,
    0.053376471289118696,
    0.051548383007129876,
    0.05010892890490609,
    0.048894700805610376,
    0.04828416254265722,
    0.04605537252258465,
    0.04447975827394225,
    0.04378369843574069,
    0.04383682535331582,
    0.042566206541801876,
    0.04209263893570883,
    0.04175517866586117,
    0.04128826590778909,
    0.04071787247394628,
    0.04054752823590669,
    0.03989218334594728,
    0.03979807081533239,
    0.03922294501664368,
    0.03887963201850653,
    0.03848584459755508,
    0.03850664423413169,
    0.03809943000387497,
    0.03798937888476936,
    0.037787808554498016,
    0.03757489632031315,
    0.03749097704922617,
    0.037010945252034966,
    0.03517377440846276,
    0.033364111396878185,
    0.03312629616949223,
    0.03303480690706248,
    0.03291030722421464,
    0.03273390020171167,
    0.03262181999271925,
    0.03231187056569519,
    0.031672832833484134,
    0.03022668112056158,
    0.029002722432004645,
    0.028476859591504994,
    0.028238210643269562,
    0.02810180048958066,
    0.028059061110266275,
    0.027944313081522995,
    0.027855667635692773,
    0.027799507658091985,
    0.027797376312068873,
    0.02772006058479807,
    0.027700950722947683,
    0.027762765179324377,
    0.027646162855410265,
    0.02767351112409933,
    0.027681191806322576,
    0.027589811520743454,
    0.027676932277030202
  ],
  "train_dir": [
    0.0,
    0.0,
    0.0,
    0.0,
    0.0,
    0.0,
    0.0,
    0.0,
    0.0,
    0.0,
    0.0,
    0.0,
    0.0,
    0.0,
    0.0,
    0.0,
    0.0,
    0.0,
    0.0,
    0.0,
    0.0,
    0.0,
    0.0,
    0.0,
    0.0,
    0.0,
    0.0,
    0.0,
    0.0,
    0.0,
    0.0,
    0.0,
    0.0,
    0.0,
    0.0,
    0.0,
    0.0,
    0.0,
    0.0,
    0.0,
    0.0,
    0.0,
    0.0,
    0.0,
    0.0,
    0.0,
    0.0,
    0.0,
    0.0,
    0.0,
    0.0,
    0.0,
    0.0,
    0.0,
    0.0,
    0.0,
    0.0,
    0.0,
    0.0,
    0.0
  ],
  "val_total": [
    0.015493755658658652,
    0.01675168790209752,
    0.017667997986651383,
    0.016168243180100735,
    0.01401319752375667,
    0.01438414717379671,
    0.013499687783993207,
    0.012905604635866789,
    0.011916692905987684,
    0.012630402217977323,
    0.011422301570956524,
    0.011431669529813986,
    0.011018044995860411,
    0.010948727587954355,
    0.010753877496776672,
    0.010588725025837239,
    0.0104006826519393,
    0.010377409044080056,
    0.010357421751205739,
    0.010336160373229247,
    0.009893118153111292,
    0.009856931041353025,
    0.009618067397521092,
    0.009551101758216437,
    0.009664145728143362,
    0.00935947006711593,
    0.009406633137796935,
    0.009196283474851113,
    0.009226763620972633,
    0.009267310289522776,
    0.009138177722119369,
    0.009305977692397742,
    0.009037338770352878,
    0.008790992128734406,
    0.008649285775251113,
    0.00837750632602435,
    0.00849443394690752,
    0.008366712942146338,
    0.00832166916762407,
    0.008288973261817144,
    0.008337909284119423,
    0.008175324003856916,
    0.007928784471005201,
    0.007881165088082735,
    0.007622874986666899,
    0.007523918882585489,
    0.007701669103251054,
    0.007609605001142392,
    0.0075704131561976215,
    0.007361597596452787,
    0.007476656984251279,
    0.007488686448106399,
    0.007591952677243031,
    0.007483690833816161,
    0.007498959115204902,
    0.0075336678061061185,
    0.007609431309482226,
    0.007423801669994226,
    0.0074560858595829746,
    0.007408525329083204
  ],