{
  "train_total": [
    0.032117454691313656,
    0.01513508887254789,
    0.012207064427114942,
    0.010689211439215413,
    0.01006401004198189,
    0.009602090043406333,
    0.009035782298050283,
    0.007709634224934283,
    0.006943168835685847,
    0.006578686718289639,
    0.006367314134805982,
    0.005828715690601898,
    0.005600590763124315,
    0.00546465479745923,
    0.0053375282241875585,
    0.005241716795239008,
    0.005196003537316064,
    0.0050860876210331455,
    0.005036214318630012,
    0.004985014552510874,
    0.0049184780405511,
    0.004871341879100478,
    0.0047939016977997465,
    0.004773314898839355,
    0.004704483211778688,
    0.004671139711622841,
    0.004642055065910433,
    0.004562555770096462,
    0.0045077313458727255,
    0.004461049195414784,
    0.004447748192504461,
    0.00440344889326373,
    0.004378967400934954,
    0.004363368072557033,
    0.004341840415158682,
    0.0043042501260865534,
    0.00428684745445281,
    0.004270604556961452,
    0.004238291984758756,
    0.004215812558249589,
    0.00421540506724869,
    0.004180179290672315,
    0.004180881802418974,
    0.00415673496390474,
    0.0041449907512622905,
    0.00412708644350324,
    0.004110098310736238,
    0.004105139180757506,
    0.004092325687482839,
    0.0040813538790558865,
    0.004077681149112865,
    0.00406547821432312,
    0.0040523186712289735,
    0.004063676337971883,
    0.004044974615837457,
    0.0040500905826478945,
    0.00403906176039826,
    0.004038460223653716,
    0.004037667828370258,
    0.004033132469297291
  ],
  "train_pred": [
    0.01688101799971211,
    0.00409669538236691,
    0.0023960191571402627,
    0.0017210325246216148,
    0.0015765725775012394,
    0.0013966550130934273,
    0.001447047187080149,
    0.0017462624347366008,
    0.0016220643829029289,
    0.0014867240506883843,
    0.001433781060841172,
    0.001318038701789365,
    0.0012570288711472109,
    0.0012359348811193465,
    0.0012039602468592815,
    0.0011776459651277437,
    0.0011671409191053716,
    0.0011188494313913132,
    0.0010809421682098706,
    0.0010634999004794934,
    0.0010194004939464187,
    0.000991925050655792,
    0.0009443313002295953,
    0.000933727042333934,
    0.0008854897953079907,
    0.0008693587084743588,
    0.0008401309439156722,
    0.0007817774608079631,
    0.0007512240087918897,
    0.0007202033530972603,
    0.0007017311788419442,
    0.000681408716472275,
    0.0006590731204896893,
    0.000648634294578169,
    0.0006386028711042781,
    0.0006143646565989839,
    0.0006038116850173487,
    0.0005850580820639242,
    0.0005686873922683513,
    0.0005573052264484984,
    0.0005479530298015884,
    0.000532273349033693,
    0.0005307372794413264,
    0.0005062643020618035,
    0.0005052911719241496,
    0.0004962625075614483,
    0.00048541069652984625,
    0.00047904117337872233,
    0.0004668837613386807,
    0.0004623691089928419,
    0.00045228592037761903,
    0.0004474248864688695,
    0.0004409541765193222,
    0.00044430090804203784,
    0.00043312577424251176,
    0.0004323770454566148,
    0.00042763834176499243,
    0.00042347003197577853,
    0.00042358879974546817,
    0.0004192143145989063
  ],
  "train_sigreg": [
    0.15236436444607931,
    0.11038393288072536,
    0.09811045077218804,
    0.08968178734480876,
    0.08487437292933464,
    0.0820543485108517,
    0.07588734991058776,
    0.0596337169322962,
    0.053211043501550336,
    0.050919625656350234,
    0.049335329872076776,
    0.04510676896574402,
    0.04343561796949298,
    0.04228719823440099,
    0.041335678866816924,
    0.040640707449635605,
    0.0402886253708656,
    0.039672381143027007,
    0.039552720750005384,
    0.03921514591016161,
    0.03899077481422831,
    0.03879416768028531,
    0.0384957032984898,
    0.03839587794757018,
    0.03818993362528022,
    0.0380178094711355,
    0.038019240592047,
    0.037807782565439534,
    0.037565072815287315,
    0.03740845788871088,
    0.03746016955320736,
    0.037220401243062064,
    0.03719894230056743,
    0.0371473372045521,
    0.03703237489472428,
    0.036898854161439586,
    0.03683035716002438,
    0.036855464306203636,
    0.036696045523575194,
    0.03658507279078898,
    0.03667451984917147,
    0.03647905891723988,
    0.03650144469307681,
    0.0365047061790107,
    0.03639699524689105,
    0.0363082388865142,
    0.036246875745920996,
    0.03626097955336128,
    0.036254418719153615,
    0.03618984718373569,
    0.03625395177318479,
    0.03618053279061746,
    0.03611364443650535,
    0.03619375378580137,
    0.036118487940497476,
    0.03617713491385159,
    0.03611423375339644,
    0.03614990143949443,
    0.03614078977713204,
    0.03613918099535226
  ],
  "train_dir": [
    0.0,
    0.0,
    0.0,
    0.0,
    0.0,
    0.0,
    0.0,
    0.0,
    0.0,
    0.0,
    0.0,
    0.0,
    0.0,
    0.0,
    0.0,
    0.0,
    0.0,
    0.0,
    0.0,
    0.0,
    0.0,
    0.0,
    0.0,
    0.0,
    0.0,
    0.0,
    0.0,
    0.0,
    0.0,
    0.0,
    0.0,
    0.0,
    0.0,
    0.0,
    0.0,
    0.0,
    0.0,
    0.0,
    0.0,
    0.0,
    0.0,
    0.0,
    0.0,
    0.0,
    0.0,
    0.0,
    0.0,
    0.0,
    0.0,
    0.0,
    0.0,
    0.0,
    0.0,
    0.0,
    0.0,
    0.0,
    0.0,
    0.0,
    0.0,
    0.0
  ],
  "val_total": [
    0.015851278013239305,
    0.014852774562314153,
    0.01465918441923956,
    0.014236586090798179,
    0.01401651743799448,
    0.01496230469395717,
    0.014619390092169246,
    0.012770632669950524,
    0.01158160793905457,
    0.012941257562488317,
    0.01239293534308672,
    0.012876775309753915,
    0.012244838871993124,
    0.012812302874711653,
    0.013286030114007493,
    0.013080309998864928,
    0.013155526792009672,
    0.013057879249875745,
    0.012678997203086814,
    0.013437754241749644,
    0.01350056251976639,
    0.012734654863985876,
    0.012509656487964094,
    0.012572002752373615,
    0.012767729504654804,
    0.012692149068849782,
    0.013045141007751226,
    0.013106036077563962,
    0.012906177163434526,
    0.012202050847311815,
    0.012057421612553298,
    0.012209453930457434,
    0.011634425066101054,
    0.011647262455274662,
    0.011944335768930614,
    0.011335052394618591,
    0.011759263618538776,
    0.012345429471073052,
    0.011533658602274954,
    0.011322995647788048,
    0.012035959245016178,
    0.011464002658613026,
    0.012446225776026646,
    0.011809519453284642,
    0.012138023894901076,
    0.011401421196448306,
    0.01185072430719932,
    0.011383247988608977,
    0.012166023176784316,
    0.01153495100637277,
    0.010966152030353745,
    0.012008165940642357,
    0.011531139141879976,
    0.011414986375408867,
    0.011368010891601443,
    0.011516142558927337,
    0.011766327273411056,
    0.011596581432968378,
    0.011741489133176705,
    0.012102380627766252
  ],