{
  "horizon": 4,
  "trend_window": 200,
  "vol": {
    "accuracy": 0.4836722119531731,
    "auc": 0.6437692214115717
  },
  "direction": {
    "accuracy": 0.5182211241507103,
    "auc": 0.5377785936089823
  },
  "magnitude": {
    "mae": 0.025592491030693054,
    "pearson_r": 0.050978392362594604
  },
  "vol_thresholds": [
    -0.5985137224197388,
    0.23476925492286682
  ],
  "mag_threshold": 0.029162447899580002,
  "n_train_labeled": 7746,
  "n_val_labeled": 1619
}