{
  "encoder_ckpt": "experiments\\checkpoints\\m15_warmstart\\best_model.pt",
  "encoder_epoch": 172,
  "encoder_val_loss": 0.005363,
  "horizon": 12,
  "horizon_minutes": 180,
  "trend_window": 200,
  "history_len": 3,
  "dir_in_dim": null,
  "structured_features": false,
  "vol": {
    "accuracy": 0.3712538226299694,
    "auc": 0.5777395068216887
  },
  "direction": {
    "accuracy": 0.5434380776340111,
    "auc": 0.5556316444639232
  },
  "magnitude": {
    "mae": 0.036037735641002655,
    "pearson_r": 0.0731331929564476
  },
  "vol_thresholds": [
    -0.5860545635223389,
    0.2614995241165161
  ],
  "mag_threshold": 0.04219245910644531,
  "n_train_labeled": 42134,
  "n_val_labeled": 1623
}