{
  "horizon": 4,
  "trend_window": 200,
  "history_len": 3,
  "dir_in_dim": 405,
  "structured_features": true,
  "vol": {
    "accuracy": 0.4291871921182266,
    "auc": 0.6094733394432589
  },
  "direction": {
    "accuracy": 0.5123456790123457,
    "auc": 0.5280795776021852
  },
  "magnitude": {
    "mae": 0.059567857533693314,
    "pearson_r": -0.07389712333679199
  },
  "vol_thresholds": [
    -0.6058753728866577,
    0.25006815791130066
  ],
  "mag_threshold": 0.060938961803913116,
  "n_train_labeled": 7750,
  "n_val_labeled": 1620
}