{
  "horizon": 4,
  "trend_window": 200,
  "history_len": 3,
  "dir_in_dim": null,
  "structured_features": false,
  "vol": {
    "accuracy": 0.44273399014778325,
    "auc": 0.6137628692498671
  },
  "direction": {
    "accuracy": 0.5135802469135803,
    "auc": 0.5229825139010829
  },
  "magnitude": {
    "mae": 0.05893147736787796,
    "pearson_r": -0.029702819883823395
  },
  "vol_thresholds": [
    -0.6058753728866577,
    0.25006815791130066
  ],
  "mag_threshold": 0.059420086443424225,
  "n_train_labeled": 7750,
  "n_val_labeled": 1620
}