{
  "epoch": [
    1,
    2,
    3,
    4,
    5,
    6,
    7,
    8,
    9,
    10,
    11,
    12,
    13,
    14,
    15,
    16,
    17,
    18,
    19,
    20,
    21,
    22,
    23,
    24,
    25,
    26,
    27,
    28,
    29,
    30,
    31,
    32,
    33,
    34,
    35,
    36,
    37,
    38,
    39,
    40,
    41,
    42,
    43,
    44,
    45,
    46,
    47,
    48,
    49,
    50,
    51,
    52,
    53,
    54,
    55,
    56,
    57,
    58,
    59,
    60,
    61,
    62,
    63,
    64,
    50,
    51,
    52,
    53,
    54,
    55,
    56,
    57,
    58,
    59,
    60,
    61,
    62,
    63,
    64,
    65,
    66,
    67,
    68,
    69,
    70,
    71,
    72,
    73,
    74,
    75,
    76,
    77,
    78,
    79,
    50,
    51,
    52,
    53,
    54,
    55,
    56,
    57,
    58,
    59,
    60,
    61,
    62,
    63,
    64,
    65,
    66,
    67,
    68,
    69,
    70,
    71,
    72,
    73,
    74,
    75,
    76,
    77,
    78,
    79,
    80,
    81,
    82,
    83,
    84,
    85,
    86,
    87,
    88,
    89,
    90,
    91,
    92,
    93,
    94,
    95,
    50,
    51,
    52,
    53,
    54,
    55,
    56,
    57,
    58,
    59,
    60,
    61,
    62,
    63,
    64,
    65,
    66,
    67,
    68,
    69,
    70,
    71,
    72,
    73,
    74,
    75,
    76,
    77,
    78,
    79,
    80,
    81,
    82,
    83,
    84,
    85,
    86,
    87,
    88,
    89,
    90,
    91,
    92,
    93,
    94,
    95,
    96,
    97,
    98,
    99,
    100,
    101,
    102,
    103,
    104,
    105,
    106,
    107,
    108,
    109,
    110,
    111,
    112,
    113,
    114,
    115,
    116,
    117,
    118,
    119,
    120,
    121,
    122,
    123,
    124,
    125,
    126,
    127,
    128,
    129,
    130,
    131,
    132,
    133,
    134,
    135,
    136,
    137,
    138,
    139,
    140,
    141,
    142,
    143,
    144,
    145,
    146,
    147,
    148,
    149,
    150,
    151,
    152,
    153,
    154,
    155,
    156,
    157,
    158,
    159,
    160,
    161,
    162,
    163,
    164,
    165,
    166,
    167,
    168,
    169,
    170,
    171,
    172,
    173,
    174,
    175,
    176,
    177,
    178,
    179,
    180,
    181,
    182,
    183,
    184,
    185,
    186,
    187,
    188,
    189,
    190,
    191,
    192,
    193,
    194,
    195,
    196,
    197,
    198,
    199,
    200
  ],
  "train_loss": [
    0.006561,
    0.006582,
    0.006579,
    0.006582,
    0.006563,
    0.00652,
    0.006529,
    0.006514,
    0.006514,
    0.006503,
    0.006479,
    0.00651,
    0.006488,
    0.006484,
    0.006464,
    0.006462,
    0.006431,
    0.006418,
    0.006416,
    0.006386,
    0.006436,
    0.006394,
    0.006377,
    0.006393,
    0.006339,
    0.006319,
    0.006342,
    0.006315,
    0.006287,
    0.006281,
    0.006309,
    0.006214,
    0.006254,
    0.006207,
    0.006194,
    0.006173,
    0.006184,
    0.006152,
    0.006131,
    0.006139,
    0.006134,
    0.006118,
    0.006123,
    0.006071,
    0.006101,
    0.006113,
    0.006079,
    0.006069,
    0.00605,
    0.00603,
    0.006032,
    0.00605,
    0.00601,
    0.006023,
    0.006014,
    0.005993,
    0.006004,
    0.005985,
    0.005966,
    0.005957,
    0.005948,
    0.005939,
    0.005946,
    0.005936,
    0.006056,
    0.006023,
    0.005998,
    0.006046,
    0.00601,
    0.005987,
    0.005978,
    0.005973,
    0.005992,
    0.005969,
    0.005973,
    0.005946,
    0.005953,
    0.005952,
    0.005939,
    0.005939,
    0.005911,
    0.005925,
    0.00596,
    0.005889,
    0.005908,
    0.005884,
    0.005882,
    0.005901,
    0.005872,
    0.005885,
    0.005848,
    0.005857,
    0.005827,
    0.005841,
    0.006032,
    0.006044,
    0.00603,
    0.006015,
    0.006011,
    0.006012,
    0.00602,
    0.005976,
    0.005973,
    0.005973,
    0.005985,
    0.005952,
    0.005961,
    0.005932,
    0.005939,
    0.005946,
    0.005954,
    0.005912,
    0.005902,
    0.005917,
    0.005924,
    0.005889,
    0.005924,
    0.00588,
    0.005868,
    0.005874,
    0.005879,
    0.005862,
    0.00586,
    0.005842,
    0.005827,
    0.005833,
    0.005826,
    0.005831,
    0.005838,
    0.005817,
    0.005806,
    0.005782,
    0.00578,
    0.005803,
    0.005803,
    0.005792,
    0.005787,
    0.005778,
    0.005768,
    0.00576,
    0.006039,
    0.006051,
    0.006026,
    0.006051,
    0.006005,
    0.006,
    0.005991,
    0.006006,
    0.005989,
    0.005973,
    0.00594,
    0.005948,
    0.00595,
    0.005959,
    0.005929,
    0.005933,
    0.005915,
    0.005934,
    0.005921,
    0.005912,
    0.005891,
    0.005891,
    0.005915,
    0.005871,
    0.00584,
    0.005878,
    0.005847,
    0.005866,
    0.005837,
    0.005863,
    0.005851,
    0.005849,
    0.005838,
    0.005809,
    0.005842,
    0.00581,
    0.005812,
    0.005825,
    0.005808,
    0.005784,
    0.005795,
    0.005748,
    0.005776,
    0.005763,
    0.005763,
    0.005769,
    0.005768,
    0.005734,
    0.005765,
    0.005732,
    0.005718,
    0.005729,
    0.005756,
    0.00571,
    0.00572,
    0.005733,
    0.005703,
    0.005688,
    0.005717,
    0.005708,
    0.005676,
    0.005687,
    0.005687,
    0.005693,
    0.005684,
    0.005665,
    0.005674,
    0.005687,
    0.005668,
    0.005664,
    0.005625,
    0.005652,
    0.005655,
    0.005645,
    0.005653,
    0.005628,
    0.005626,
    0.005638,
    0.00564,
    0.005633,
    0.005597,
    0.005622,
    0.005592,
    0.00563,
    0.005607,
    0.005625,
    0.005613,
    0.005585,
    0.005619,
    0.005613,
    0.0056,
    0.005593,
    0.005595,
    0.00559,
    0.005601,
    0.005576,
    0.005565,
    0.005587,
    0.005561,
    0.00557,
    0.005558,
    0.005579,
    0.005564,
    0.005553,
    0.00556,
    0.005533,
    0.005536,
    0.005542,
    0.005558,
    0.005546,
    0.005533,
    0.005552,
    0.005551,
    0.005543,
    0.005536,
    0.005532,
    0.005552,
    0.005515,
    0.005515,
    0.005534,
    0.005536,
    0.005531,
    0.005532,
    0.005526,
    0.005545,
    0.005511,
    0.005518,
    0.005537,
    0.00552,
    0.0055,
    0.005511,
    0.005526,
    0.005519,
    0.005502,
    0.005504,
    0.005527,
    0.00552,
    0.005503,
    0.005504,
    0.005499,
    0.005502,
    0.005512,
    0.005507,
    0.005505,
    0.005508,
    0.005515,
    0.005511,
    0.005519,
    0.005518,
    0.005509,
    0.005495
  ],