{
  "horizon": 8,
  "trend_window": 200,
  "vol": {
    "accuracy": 0.4929143561306223,
    "auc": 0.6231912814229243
  },
  "direction": {
    "accuracy": 0.5337461300309597,
    "auc": 0.5632347931761479
  },
  "magnitude": {
    "mae": 0.02563490718603134,
    "pearson_r": 0.18759822845458984
  },
  "vol_thresholds": [
    -0.5985137224197388,
    0.23476925492286682
  ],
  "mag_threshold": 0.031032243743538857,
  "n_train_labeled": 7742,
  "n_val_labeled": 1615
}