{
  "horizon": 24,
  "trend_window": 200,
  "history_len": 3,
  "dir_in_dim": null,
  "structured_features": false,
  "vol": {
    "accuracy": 0.44273399014778325,
    "auc": 0.6137628692498671
  },
  "direction": {
    "accuracy": 0.575625,
    "auc": 0.5891565775574876
  },
  "magnitude": {
    "mae": 0.05188057944178581,
    "pearson_r": -0.09930233657360077
  },
  "vol_thresholds": [
    -0.6058753728866577,
    0.25006815791130066
  ],
  "mag_threshold": 0.06112255901098251,
  "n_train_labeled": 7730,
  "n_val_labeled": 1600
}