{
  "train_total": [
    0.006229975031337876,
    0.006151426185354375,
    0.006057964070983555,
    0.0059391315756500635,
    0.0058392706408124904,
    0.00590584470310073,
    0.0057793316174892416,
    0.005783888929779979,
    0.005780756021377401,
    0.0057564423473524876,
    0.0057611331492122535,
    0.005679474583408539,
    0.005643454090138708,
    0.005708612231672674,
    0.005725698640057142,
    0.005605022557943627,
    0.005609876908145953,
    0.005649299178596424,
    0.005638697103637716,
    0.005636345021480667,
    0.005598214940856333,
    0.005619323711194422,
    0.005540123580536549,
    0.005554404143459987,
    0.005599497905190008,
    0.005584482947175486,
    0.005556273321364669,
    0.005451235366796238,
    0.005513441101040529,
    0.005516802473668603,
    0.005577770345236944,
    0.005548385127137105,
    0.00540934788549076,
    0.0055175823078531284,
    0.005500588930495407,
    0.005494262503487044,
    0.005493858464710091,
    0.005488315597176552,
    0.0054898115914261,
    0.005517844731609027,
    0.005472596849490335,
    0.005437479921333168,
    0.005485469083963097,
    0.005485293246211781,
    0.005402039156119892,
    0.005461422125876382,
    0.0053906263648599816,
    0.005377561657055133,
    0.005449775093491527,
    0.005425314223258823,
    0.005403821309353562,
    0.005429702115825553,
    0.005409758645987165,
    0.0053913468171073045,
    0.005391930796853874,
    0.005435129553349554,
    0.005385928355373334,
    0.005399818619902151,
    0.005377256277732659,
    0.0053532458166929255,
    0.005391006823629141,
    0.005364108128824096,
    0.005350803025066853,
    0.005322537330937558,
    0.005398539259381916,
    0.005336926318705082,
    0.005357005613167648,
    0.00539833364630307,
    0.005384160387937141,
    0.005417894929701435,
    0.005398797330217085,
    0.00535886913564974,
    0.005416415449555801,
    0.005358677040245654,
    0.005404472276838362,
    0.005439232083280449,
    0.005362400501642538,
    0.0053674991755489855,
    0.005373496096581221,
    0.00538052681941485
  ],
  "train_pred": [
    0.0016648228536697402,
    0.0015938518740965621,
    0.0015375641641962895,
    0.0014366579463071041,
    0.001337991407363797,
    0.0013559694499776199,
    0.001293694964049897,
    0.001288362027928773,
    0.0013099782265034382,
    0.0012595592399019802,
    0.0013270655653668919,
    0.0012476913921157088,
    0.001222614713512577,
    0.0012536070223533266,
    0.0012757451740849385,
    0.0011982727615311203,
    0.001221009449986066,
    0.0012316770279658554,
    0.0012145937332694514,
    0.0012583569868170805,
    0.0012236840607922363,
    0.0012279912480153143,
    0.0011917432277476873,
    0.0011910822721657114,
    0.0012372110462477565,
    0.0011993276243826942,
    0.001182932580443288,
    0.0011414140656900902,
    0.0011747819658341832,
    0.00119363637033688,
    0.001207641293834625,
    0.0012111198654789748,
    0.0011233882809840682,
    0.0012060913005911245,
    0.0011844466966779335,
    0.0011719703434737048,
    0.0011682395293525813,
    0.001175079723327434,
    0.0011711406961852765,
    0.0011631841155484426,
    0.0011596207884882672,
    0.001136706718513607,
    0.0011574113260671172,
    0.0011338580406500378,
    0.001149940441119606,
    0.0011841206182050855,
    0.0011317149999187045,
    0.0011178645182171485,
    0.0011492850700987206,
    0.0011416960041970015,
    0.001147684069228885,
    0.0011454501756183479,
    0.001121517608239167,
    0.001121107352209156,
    0.0011245944643514636,
    0.0011435535186361792,
    0.0011069525372358444,
    0.0011178078796323118,
    0.0010900622448020115,
    0.0010931868556603465,
    0.0011079051587528186,
    0.001112141504721797,
    0.0010982839318086812,
    0.0010598457479120596,
    0.001104372135107068,
    0.001067060795005249,
    0.0010831533421667805,
    0.0011104481898761098,
    0.0010924894755800674,
    0.0011053396021083429,
    0.0011183694831730015,
    0.0011223774695215557,
    0.001127107435857634,
    0.0011034412132373648,
    0.0011078120231209998,
    0.0011492767295314243,
    0.0010884034293838708,
    0.0010875305717649019,
    0.0011040425802027617,
    0.0011288357250716376
  ],
  "train_sigreg": [
    0.045651520885851074,
    0.045575742434332336,
    0.04520399809099626,
    0.04502473539416341,
    0.04501279103367225,
    0.04549875137382659,
    0.0448563656081324,
    0.04495526801632798,
    0.04470777678964795,
    0.04496882996265439,
    0.04434067442797232,
    0.04431783083988273,
    0.044208392824815666,
    0.044550050643907074,
    0.044499533817819924,
    0.04406749710872553,
    0.04388867367220962,
    0.044176221001839294,
    0.04424103306255479,
    0.0437798794304979,
    0.04374530803466189,
    0.04391332343220711,
    0.04348380269779675,
    0.04363321804482004,
    0.04362286746070005,
    0.04385155239614887,
    0.043733406218065735,
    0.04309821285415387,
    0.04338659070756124,
    0.043231660041256226,
    0.04370128924863926,
    0.04337265191302783,
    0.042859595700882484,
    0.04311490917335386,
    0.04316142136635988,
    0.043222920996123466,
    0.04325618864833445,
    0.04313235827114271,
    0.043186708043018975,
    0.043546605585277946,
    0.0431297595842161,
    0.04300773095177567,
    0.043280576612206474,
    0.04351435072612071,
    0.04252098646500836,
    0.04277301428542621,
    0.04258911252237749,
    0.04259697067132895,
    0.04300489924524142,
    0.042836181549490364,
    0.04256137120334998,
    0.042842518862174904,
    0.042882409108721695,
    0.042702393957238266,
    0.04267336266196292,
    0.042915759365195816,
    0.04278975752168807,
    0.0428201069218525,
    0.04287193942329158,
    0.04260058857608533,
    0.042831015273712685,
    0.04251966522871584,
    0.04252519005018732,
    0.04262691477070684,
    0.04294166989300562,
    0.04269865452163461,
    0.042738521876542465,
    0.042878853724054665,
    0.04291670834240706,
    0.04312555227374685,
    0.04280427746150805,
    0.0423649158058823,
    0.042893079203971916,
    0.04255235740456028,
    0.04296660142532294,
    0.04289955235477807,
    0.042739969448766846,
    0.04279968509639519,
    0.0426945339186468,
    0.0425169097016687
  ],
  "train_dir": [
    0.0,
    0.0,
    0.0,
    0.0,
    0.0,
    0.0,
    0.0,
    0.0,
    0.0,
    0.0,
    0.0,
    0.0,
    0.0,
    0.0,
    0.0,
    0.0,
    0.0,
    0.0,
    0.0,
    0.0,
    0.0,
    0.0,
    0.0,
    0.0,
    0.0,
    0.0,
    0.0,
    0.0,
    0.0,
    0.0,
    0.0,
    0.0,
    0.0,
    0.0,
    0.0,
    0.0,
    0.0,
    0.0,
    0.0,
    0.0,
    0.0,
    0.0,
    0.0,
    0.0,
    0.0,
    0.0,
    0.0,
    0.0,
    0.0,
    0.0,
    0.0,
    0.0,
    0.0,
    0.0,
    0.0,
    0.0,
    0.0,
    0.0,
    0.0,
    0.0,
    0.0,
    0.0,
    0.0,
    0.0,
    0.0,
    0.0,
    0.0,
    0.0,
    0.0,
    0.0,
    0.0,
    0.0,
    0.0,
    0.0,
    0.0,
    0.0,
    0.0,
    0.0,
    0.0,
    0.0
  ],