{
  "epoch": [
    13,
    14,
    15,
    16,
    17,
    18,
    19,
    20,
    21,
    22,
    23,
    24,
    25,
    26,
    27,
    28,
    29,
    30,
    31,
    32,
    33,
    34,
    35,
    36,
    37,
    38,
    39,
    40,
    41,
    42,
    43,
    44,
    45,
    46,
    47,
    48,
    49,
    50,
    51,
    52,
    53,
    54,
    55,
    56,
    57,
    58,
    59,
    60
  ],
  "train_loss": [
    0.008284,
    0.007879,
    0.007732,
    0.007727,
    0.007597,
    0.007501,
    0.007549,
    0.007499,
    0.007369,
    0.007316,
    0.007247,
    0.007203,
    0.007256,
    0.007172,
    0.007126,
    0.007072,
    0.007041,
    0.006985,
    0.006929,
    0.006886,
    0.00687,
    0.006836,
    0.006816,
    0.006722,
    0.006711,
    0.006736,
    0.006707,
    0.006615,
    0.006648,
    0.006609,
    0.006599,
    0.006566,
    0.006572,
    0.006539,
    0.006535,
    0.006525,
    0.00648,
    0.006503,
    0.006466,
    0.006436,
    0.006423,
    0.006415,
    0.006419,
    0.006426,
    0.0064,
    0.006418,
    0.006423,
    0.006384
  ],
  "val_loss": [
    0.008418,
    0.007974,
    0.007461,
    0.007604,
    0.007191,
    0.007247,
    0.007546,
    0.007451,
    0.007148,
    0.006673,
    0.006754,
    0.007118,
    0.006953,
    0.006951,
    0.006568,
    0.006539,
    0.006643,
    0.007134,
    0.006817,
    0.006593,
    0.006794,
    0.0065,
    0.006724,
    0.00674,
    0.00649,
    0.006741,
    0.006515,
    0.006569,
    0.00663,
    0.006275,
    0.006702,
    0.006387,
    0.006316,
    0.006511,
    0.006256,
    0.006235,
    0.006417,
    0.006385,
    0.00656,
    0.006184,
    0.006359,
    0.005903,
    0.006343,
    0.006416,
    0.006406,
    0.006197,
    0.006035,
    0.006217
  ],
  "lr": [
    0.00028192,
    0.00027779,
    0.00027327,
    0.00026837,
    0.00026312,
    0.00025752,
    0.00025159,
    0.00024536,
    0.00023884,
    0.00023204,
    0.000225,
    0.00021773,
    0.00021025,
    0.0002026,
    0.00019478,
    0.00018682,
    0.00017876,
    0.0001706,
    0.00016239,
    0.00015413,
    0.00014587,
    0.00013761,
    0.0001294,
    0.00012124,
    0.00011318,
    0.00010522,
    9.74e-05,
    8.975e-05,
    8.227e-05,
    7.5e-05,
    6.796e-05,
    6.116e-05,
    5.464e-05,
    4.841e-05,
    4.248e-05,
    3.688e-05,
    3.163e-05,
    2.673e-05,
    2.221e-05,
    1.808e-05,
    1.435e-05,
    1.103e-05,
    8.13e-06,
    5.66e-06,
    3.63e-06,
    2.05e-06,
    9.1e-07,
    2.3e-07
  ]
}