{
  "horizon": 4,
  "trend_window": 200,
  "history_len": 3,
  "vol": {
    "accuracy": 0.48305606900800985,
    "auc": 0.6402289341937895
  },
  "direction": {
    "accuracy": 0.5213094502779494,
    "auc": 0.5424686032459884
  },
  "magnitude": {
    "mae": 0.04860130697488785,
    "pearson_r": -0.09059906750917435
  },
  "vol_thresholds": [
    -0.5985137224197388,
    0.23476925492286682
  ],
  "mag_threshold": 0.05148238688707352,
  "n_train_labeled": 7746,
  "n_val_labeled": 1619
}