{
  "horizon": 2,
  "trend_window": 200,
  "history_len": 3,
  "dir_in_dim": null,
  "structured_features": false,
  "vol": {
    "accuracy": 0.44273399014778325,
    "auc": 0.6137628692498671
  },
  "direction": {
    "accuracy": 0.5203452527743526,
    "auc": 0.5196623702520816
  },
  "magnitude": {
    "mae": 0.060402970761060715,
    "pearson_r": -0.028809277340769768
  },
  "vol_thresholds": [
    -0.6058753728866577,
    0.25006815791130066
  ],
  "mag_threshold": 0.05915987491607666,
  "n_train_labeled": 7752,
  "n_val_labeled": 1622
}