{
  "horizon": 12,
  "trend_window": 200,
  "history_len": 3,
  "dir_in_dim": null,
  "structured_features": false,
  "vol": {
    "accuracy": 0.44273399014778325,
    "auc": 0.6137628692498671
  },
  "direction": {
    "accuracy": 0.5341191066997518,
    "auc": 0.5475192135642913
  },
  "magnitude": {
    "mae": 0.055180229246616364,
    "pearson_r": -0.07339277118444443
  },
  "vol_thresholds": [
    -0.6058753728866577,
    0.25006815791130066
  ],
  "mag_threshold": 0.06022874638438225,
  "n_train_labeled": 7742,
  "n_val_labeled": 1612
}