{
  "train_total": [
    0.02651500076195225,
    0.011025988929904997,
    0.008424367560073732,
    0.007469971166923642,
    0.007045732492115348,
    0.0066685090996325014,
    0.006295128299621865,
    0.00607321656984277,
    0.005859006207203492,
    0.005670916488859802,
    0.005471489663003012,
    0.005265418126713484,
    0.005120270994724706,
    0.005056783681968227,
    0.0049240936068817975,
    0.004829899334115907,
    0.004838562025921419,
    0.004681809392059222,
    0.004648559810360894,
    0.004555375656113029,
    0.004316753368708305,
    0.004006357899517752,
    0.0039112734001828355,
    0.0038398076932644474,
    0.0037828717671800406,
    0.0038457142054103316,
    0.0036729569864692164,
    0.0036330168118001893,
    0.003579189006239176,
    0.003553257071063854,
    0.003512496541836299,
    0.003487558555556461,
    0.0034690377600491047,
    0.0034296029299730434,
    0.0034177990888711067,
    0.003384690589387901,
    0.003368425216875039,
    0.00335263813752681,
    0.0033320479474496095,
    0.003317752460716292,
    0.0033055188073776664,
    0.0032866986698936672,
    0.0032766361578833313,
    0.0032639620681293308,
    0.003247842263197526,
    0.0032406260463176293,
    0.003226666269940324,
    0.003222044108202681,
    0.0032107399420347065,
    0.003202390754711814,
    0.0031914847432635723,
    0.003187902257312089,
    0.0031821528086438777,
    0.0031778390583349393,
    0.0031701037453021855,
    0.003164568827487528,
    0.0031627063878113403,
    0.0031665235628606752,
    0.003157631191541441,
    0.0031593911395175383
  ],
  "train_pred": [
    0.013165047388989479,
    0.003734565137187019,
    0.0017310474567930215,
    0.0015783611442602705,
    0.0014844939487520606,
    0.001329752185876714,
    0.0011522711937141138,
    0.0010533590107806958,
    0.0009622668488009367,
    0.0008926050948211923,
    0.00083910076416214,
    0.0008515735084220069,
    0.0008340343469317304,
    0.0008431381991977105,
    0.0008001793923904188,
    0.0007767970025452087,
    0.0008144631840259535,
    0.0007314305554464226,
    0.0007366122073435691,
    0.0006901005871040979,
    0.0008138791831443086,
    0.0007995036314241589,
    0.0007426058681885479,
    0.0007116074797813781,
    0.0006731582574138884,
    0.0007261076141148805,
    0.0006028972165950108,
    0.0005818446588091319,
    0.0005526734203303932,
    0.0005334698238730198,
    0.0005115993710787735,
    0.0004912411013210658,
    0.00048247584745695347,
    0.0004601495660172077,
    0.00044524451270990537,
    0.0004297769389813766,
    0.00041355374618433415,
    0.0004024289964363561,
    0.0003903217975748703,
    0.000378758159429708,
    0.0003671825330602587,
    0.0003585773792947293,
    0.0003490913569330587,
    0.00033999460069026097,
    0.00032996098520379747,
    0.0003207447047752794,
    0.0003128133056234219,
    0.0003049781723966589,
    0.0002971362263269839,
    0.0002931905642471975,
    0.0002847935752288322,
    0.000278476600353315,
    0.0002763070292057819,
    0.00027037035273679065,
    0.0002676416381364106,
    0.000264747457455087,
    0.0002613830612317543,
    0.0002605540576259955,
    0.0002585132634048932,
    0.0002581670105792
  ],
  "train_sigreg": [
    0.13349953100085257,
    0.07291423706710339,
    0.06693320018798113,
    0.05891609934717417,
    0.05561238455399871,
    0.053387568231672046,
    0.051428570110350846,
    0.05019857467338443,
    0.048967392722144724,
    0.047783113017678264,
    0.04632388802990317,
    0.044138445265591145,
    0.04286236556991935,
    0.0421364538744092,
    0.04123914116248489,
    0.04053102247230709,
    0.04024098758213222,
    0.039503787664696574,
    0.039119475316256286,
    0.038652750011533496,
    0.03502874140627682,
    0.03206854226347059,
    0.03168667486403137,
    0.031282001675106585,
    0.0310971346097067,
    0.031196065441705285,
    0.030700597207061947,
    0.030511721051298082,
    0.030265155375935136,
    0.03019787195790559,
    0.030008971258066595,
    0.029963174085132778,
    0.02986561863962561,
    0.029694533178582786,
    0.029725545339286327,
    0.02954913605749607,
    0.02954871422890574,
    0.029502090942114593,
    0.029417261018417774,
    0.029389942538924515,
    0.029383362313732505,
    0.029281212464906274,
    0.02927544753625989,
    0.02923967421706766,
    0.02917881230916828,
    0.02919881299510598,
    0.02913852921500802,
    0.029170658898539842,
    0.029136036680079996,
    0.029092001436278225,
    0.029066911219619216,
    0.02909425606485456,
    0.029058457303792237,
    0.029074686570093034,
    0.02902462057583034,
    0.02899821320362389,
    0.02901323283277452,
    0.02905969461798668,
    0.028991178832016885,
    0.02901224086340517
  ],
  "train_dir": [
    0.0,
    0.0,
    0.0,
    0.0,
    0.0,
    0.0,
    0.0,
    0.0,
    0.0,
    0.0,
    0.0,
    0.0,
    0.0,
    0.0,
    0.0,
    0.0,
    0.0,
    0.0,
    0.0,
    0.0,
    0.0,
    0.0,
    0.0,
    0.0,
    0.0,
    0.0,
    0.0,
    0.0,
    0.0,
    0.0,
    0.0,
    0.0,
    0.0,
    0.0,
    0.0,
    0.0,
    0.0,
    0.0,
    0.0,
    0.0,
    0.0,
    0.0,
    0.0,
    0.0,
    0.0,
    0.0,
    0.0,
    0.0,
    0.0,
    0.0,
    0.0,
    0.0,
    0.0,
    0.0,
    0.0,
    0.0,
    0.0,
    0.0,
    0.0,
    0.0
  ],
  "val_total": [
    0.016402351383406382,
    0.017409577320974607,
    0.018595245022040147,
    0.02024249596377978,
    0.017981583431649666,
    0.017880443017929792,
    0.016898187880332653,
    0.017919506304539166,
    0.0169261832936452,
    0.0172356222398006,
    0.015761261626791496,
    0.02244715464229767,
    0.017105121165513992,
    0.015178535599261522,
    0.01597967357016527,
    0.015362305065187125,
    0.01525713256202065,
    0.015311113021408137,
    0.014513763348357035,
    0.014812515045587834,
    0.0134586151689291,
    0.012810071285527486,
    0.012824242397283133,
    0.01328995472823198,
    0.01286041926449308,
    0.013194130769429298,
    0.013372345003657617,
    0.013289489460965762,
    0.012600052528656445,
    0.01251425132012138,
    0.012564619931464013,
    0.01315858788215197,
    0.013430999806867195,
    0.01327584508376626,
    0.013117412248483071,
    0.012916667709270349,
    0.01308111223177268,
    0.012905305000738455,
    0.012600483193707008,
    0.012254942960750598,
    0.012754350685729431,
    0.012709745205938816,
    0.013013786493012538,
    0.012846236117184162,
    0.012560988668925487,
    0.012735426748314729,
    0.012493337289645122,
    0.012195012675454983,
    0.013025419464191565,
    0.01275957372182837,
    0.012235923240391107,
    0.012860720296605276,
    0.012284208053293137,
    0.012550571611007819,
    0.012739073485136032,
    0.012208982800635008,
    0.012958761053876234,
    0.012481059377583174,
    0.012512128334492445,
    0.012378814415289806
  ],